Moneda,Tipo_de_cambio
EUR,1.0
AED,4.14
AFN,72.89
ALL,92.1
AMD,410.77
ANG,2.02
AOA,1077.67
ARS,1716.73
AUD,1.62
AWG,2.02
AZN,1.92
BAM,1.96
BBD,2.25
BDT,138.64
BGN,1.96
BHD,0.424
BIF,3396.35
BMD,1.13
BND,1.44
BOB,13.6
BRL,5.87
BSD,1.13
BTN,108.47
BWP,16.09
BYN,3.4
BZD,2.25
CAD,1.6
CDF,2621.17
CHF,0.938
CLF,0.0278
CLP,1099.8
CNH,7.56
CNY,7.56
COP,3734.98
CRC,516.22
CUP,27.05
CVE,110.27
CZK,24.46
DJF,200.3
DKK,7.48
DOP,67.36
DZD,151.32
EGP,58.95
ERN,16.91
ETB,187.79
FJD,2.54
FKP,0.853
FOK,7.48
GBP,0.853
GEL,2.94
GGP,0.853
GHS,13.27
GIP,0.853
GMD,84.25
GNF,9944.74
GTQ,8.63
GYD,236.83
HKD,8.84
HNL,30.36
HRK,7.53
HTG,148.16
HUF,368.17
IDR,20246.21
ILS,3.47
IMP,0.853
INR,108.54
IQD,1483.47
IRR,1931942.72
ISK,137.01
JEP,0.853
JMD,179.83
JOD,0.799
JPY,177.88
KES,146.68
KGS,98.85
KHR,4587.04
KID,1.63
KMF,491.97
KRW,1535.28
KWD,0.347
KYD,0.939
KZT,498.82
LAK,25211.47
LBP,100869.64
LKR,372.96
LRD,193.65
LSL,18.76
LYD,7.24
MAD,11.01
MDL,20.03
MGA,4979.17
MKD,61.5
MMK,2369.61
MNT,4032.82
MOP,9.1
MRU,45.24
MUR,53.98
MVR,17.46
MWK,1972.82
MXN,20.59
MYR,4.61
MZN,72.26
NAD,18.76
NGN,1516.66
NIO,41.6
NOK,10.85
NPR,173.54
NZD,2.01
OMR,0.433
PAB,1.13
PEN,3.89
PGK,5.03
PHP,70.74
PKR,312.21
PLN,4.38
PYG,6609.04
QAR,4.1
RON,5.29
RSD,117.54
RUB,94.24
RWF,1670.11
SAR,4.23
SBD,8.96
SCR,15.86
SDG,505.97
SEK,11.31
SGD,1.44
SHP,0.853
SLE,27.79
SLL,27785.6
SOS,646.78
SRD,42.83
SSP,6867.76
STN,24.5
SYP,137.47
SZL,18.76
THB,37.96
TJS,10.42
TMT,3.95
TND,3.37
TOP,2.69
TRY,55.31
TTD,8.13
TVD,1.63
TWD,35.98
TZS,2986.17
UAH,50.65
UGX,4450.09
USD,1.13
UYU,45.57
UZS,13356.02
VES,973.93
VND,29239.84
VUV,134.88
WST,3.09
XAF,655.96
XCD,3.04
XCG,2.02
XDR,0.833
XOF,655.96
XPF,119.33
YER,267.09
ZAR,18.76
ZMW,22.23
ZWG,30.32
ZWL,30.32
